ebn0_db,ber_simulated,ber_theory
0,0.07935,0.0786496035251426
2,0.0367,0.037506128358926
4,0.0125416666666667,0.0125008180407376
6,0.00245833333333333,0.00238829078093281
8,0.000216666666666667,0.000190907774075993
10,0,3.87210821552204e-06
12,0,9.00601035062875e-09
14,0,6.81018912878076e-13
