{"duration_s":20,"frame_rate_fps":25,"resolution":"1280x720","raw_video_mbps":552.96,"mean_payload_mbps":36.235822848062583,"mean_payload_MBps":4.5294778560078228,"mean_rf_capacity_mbps":36.466793005869235,"max_buffer_mb":4.8943184514710287,"mean_latency_ms":892.65867820102676,"max_latency_ms":1437.8875119275347,"dropped_frames":0,"drop_ratio_percent":0}